


INSERT INTO TicketingSysteem.[Identity].[User] (Id, UserName, NormalizedUserName, Email, NormalizedEmail, EmailConfirmed, PasswordHash, PasswordHashForJava, SecurityStamp, ConcurrencyStamp, PhoneNumber, PhoneNumberConfirmed, TwoFactorEnabled, LockoutEnd, LockoutEnabled, AccessFailedCount, FirstName, LastName, LastSession, StatusGebruiker) VALUES (N'0b8cd0c4-5bee-4b00-b545-c16c59dcd7ea', N'supportmanager@gmail.com', N'SUPPORTMANAGER@GMAIL.COM', N'supportmanager@gmail.com', N'SUPPORTMANAGER@GMAIL.COM', 1, N'AQAAAAEAACcQAAAAEC5Jjf9Mhox7jTmQtSby7QaLSuk9l5AwYVQny0W5kPsD33fOpB3Our8BEsutzbyEaQ==', N'pbkdf2sha256:64000:18:24:n:vo5Zn5oeYYjVzxfyT7252OvBn7rjPTg0:YK68A8OPErTmcx0ixwhCS8+Q', N'QKWV3FJKBYCBSQ677NBWWIODJ5XIOKFQ', N'303bd2d8-3278-494d-9b1f-0a9c456552a4', null, 1, 0, null, 1, 0, N'Support', N'Manager', N'0001-01-01 00:00:00.0000000', N'ACTIEF');
INSERT INTO TicketingSysteem.[Identity].[User] (Id, UserName, NormalizedUserName, Email, NormalizedEmail, EmailConfirmed, PasswordHash, PasswordHashForJava, SecurityStamp, ConcurrencyStamp, PhoneNumber, PhoneNumberConfirmed, TwoFactorEnabled, LockoutEnd, LockoutEnabled, AccessFailedCount, FirstName, LastName, LastSession, StatusGebruiker) VALUES (N'37e0126f-0b79-4f15-adf7-b8a7692879e7', N'client@gmail.com', N'CLIENT@GMAIL.COM', N'client@gmail.com', N'CLIENT@GMAIL.COM', 1, N'AQAAAAEAACcQAAAAENLQcxQU14Ieh7Px8SAExHnlNWXucg5LP5pre38fyyjv/wh/cON/s6nI+8PgpTNRRQ==', N'pbkdf2sha256:64000:18:24:n:zd3QoH+pMenpqco380Tdy0fb75e2A5dn:6KkSFnEnXTWfaW2BAjhhYV1n', N'34DTUCSWLZBFVFMUF3RIXUIXDRBPI4FH', N'173c4421-9d18-4d01-afce-f8e3d5646edb', null, 1, 0, null, 1, 0, N'Cli', N'Ent', N'0001-01-01 00:00:00.0000000', N'ACTIEF');
INSERT INTO TicketingSysteem.[Identity].[User] (Id, UserName, NormalizedUserName, Email, NormalizedEmail, EmailConfirmed, PasswordHash, PasswordHashForJava, SecurityStamp, ConcurrencyStamp, PhoneNumber, PhoneNumberConfirmed, TwoFactorEnabled, LockoutEnd, LockoutEnabled, AccessFailedCount, FirstName, LastName, LastSession, StatusGebruiker) VALUES (N'c8335159-7ace-40d2-b364-815423ae3ebb', N'technician@gmail.com', N'TECHNICIAN@GMAIL.COM', N'technician@gmail.com', N'TECHNICIAN@GMAIL.COM', 1, N'AQAAAAEAACcQAAAAEPIEHW2GfyNvq7sLkhEoI52htaIRkT5ciPEDl/8m4Xeb0Mt+QkDQhqxBl1M1Dl70Zg==', N'pbkdf2sha256:64000:18:24:n:ocg5JKVYVhlpk/1IbHN4FO+3V/IfiHuq:HPAasLiaHcj6CbV1yaBgcvml' , N'J46MVLWU2RMJIUH7ZXLXU2SCF3XAROAM',  N'07b21c2a-e511-43ac-af39-162a01fa9eed', null, 1, 0, null, 1, 0, N'Tech', N'Nician', N'0001-01-01 00:00:00.0000000', N'ACTIEF');
INSERT INTO TicketingSysteem.[Identity].[User] (Id, UserName, NormalizedUserName, Email, NormalizedEmail, EmailConfirmed, PasswordHash, PasswordHashForJava, SecurityStamp, ConcurrencyStamp, PhoneNumber, PhoneNumberConfirmed, TwoFactorEnabled, LockoutEnd, LockoutEnabled, AccessFailedCount, FirstName, LastName, LastSession, StatusGebruiker) VALUES (N'db3e8545-f164-4baa-8050-2fe44dd755bf', N'administrator@gmail.com', N'ADMINISTRATOR@GMAIL.COM', N'administrator@gmail.com', N'ADMINISTRATOR@GMAIL.COM', 1, N'AQAAAAEAACcQAAAAEInNGbQjnjj/9Gt1LQuNfNgS2fRjyjzxQqM8NneRcBUhNX2nYvv+FE1UKECUs7ZR2Q==', N'pbkdf2sha256:64000:18:24:n:1UJln6OXh8pyVl2hocMPZKI0Z0/YVQ7O:t45gZOISeYNcymYfDhftHzcB' ,N'SUIN5QXAIL2ZLDLAG57IXXS57E6FIF4U', N'5530db71-38c4-48dd-8685-7addd3d6062a', null, 1, 0, null, 1, 0, N'Admin', N'Istrator', N'0001-01-01 00:00:00.0000000', N'ACTIEF');


INSERT INTO TicketingSysteem.[Identity].Role (Id, Name, NormalizedName, ConcurrencyStamp) VALUES (N'535c368c-57b9-4f62-91c6-eecae12366dc', N'Technician', N'TECHNICIAN', N'0a2dbc9d-04ec-47cc-ac77-0ef75c13807e');
INSERT INTO TicketingSysteem.[Identity].Role (Id, Name, NormalizedName, ConcurrencyStamp) VALUES (N'815ddeb6-0e27-4952-856f-29de97ceef4b', N'Client', N'CLIENT', N'a682c457-ae96-4a25-9646-056fbe6a87ca');
INSERT INTO TicketingSysteem.[Identity].Role (Id, Name, NormalizedName, ConcurrencyStamp) VALUES (N'a4c777a5-5d71-4159-a410-ab538044e9c7', N'Administrator', N'ADMINISTRATOR', N'73686c72-fadb-4598-a7f4-b168d87d9957');
INSERT INTO TicketingSysteem.[Identity].Role (Id, Name, NormalizedName, ConcurrencyStamp) VALUES (N'f940a637-753f-403b-99d7-3960101160d7', N'SupportManager', N'SUPPORTMANAGER', N'7e7f574b-068a-49fd-98f2-3d8bfe158a21');

INSERT INTO TicketingSysteem.[Identity].UserRoles (UserId, RoleId) VALUES (N'c8335159-7ace-40d2-b364-815423ae3ebb', N'535c368c-57b9-4f62-91c6-eecae12366dc');
INSERT INTO TicketingSysteem.[Identity].UserRoles (UserId, RoleId) VALUES (N'37e0126f-0b79-4f15-adf7-b8a7692879e7', N'815ddeb6-0e27-4952-856f-29de97ceef4b');
INSERT INTO TicketingSysteem.[Identity].UserRoles (UserId, RoleId) VALUES (N'db3e8545-f164-4baa-8050-2fe44dd755bf', N'a4c777a5-5d71-4159-a410-ab538044e9c7');
INSERT INTO TicketingSysteem.[Identity].UserRoles (UserId, RoleId) VALUES (N'0b8cd0c4-5bee-4b00-b545-c16c59dcd7ea', N'f940a637-753f-403b-99d7-3960101160d7');

INSERT INTO TicketingSysteem.[Identity].ContractType (Naam, ManierAanmakenTicket, GedekteTijdstippen, MaximaleAfhandeltijd, MinimaleDoorlooptijd, Prijs, Status, aantalContracten) VALUES (N'SLA1', 2, 0, 1, 0, 1000, 0, 0);
INSERT INTO TicketingSysteem.[Identity].ContractType (Naam, ManierAanmakenTicket, GedekteTijdstippen, MaximaleAfhandeltijd, MinimaleDoorlooptijd, Prijs, Status, aantalContracten) VALUES (N'SLA2', 1, 1, 168, 48, 5, 0, 0);
INSERT INTO TicketingSysteem.[Identity].ContractType (Naam, ManierAanmakenTicket, GedekteTijdstippen, MaximaleAfhandeltijd, MinimaleDoorlooptijd, Prijs, Status, aantalContracten) VALUES (N'SLA3', 0, 1, 720, 3, 100, 0, 0);
INSERT INTO TicketingSysteem.[Identity].ContractType (Naam, ManierAanmakenTicket, GedekteTijdstippen, MaximaleAfhandeltijd, MinimaleDoorlooptijd, Prijs, Status, aantalContracten) VALUES (N'SLA4', 0, 1, 1440, 1, 100, 1, 0);
INSERT INTO TicketingSysteem.[Identity].ContractType (Naam, ManierAanmakenTicket, GedekteTijdstippen, MaximaleAfhandeltijd, MinimaleDoorlooptijd, Prijs, Status, aantalContracten) VALUES (N'SLA5', 0, 1, 2160, 1, 100, 1, 0);

INSERT INTO TicketingSysteem.[Identity].Companies (CompanyId, Name, Adress, PhoneNumber) VALUES (N'08166e1b-8722-4d41-9487-90c7d3eda80a', N'Coca-cola', N'FooBarStraat 4 9000 Gent', N'0044556699');

INSERT INTO TicketingSysteem.[Identity].Contract (TypeContractTypeId, Status, StartDatum, EindDatum, CompanyId) VALUES (1, 1, N'2020-12-31 15:30:30.0000000', N'2021-01-30 15:30:30.0000000', N'08166e1b-8722-4d41-9487-90c7d3eda80a');
INSERT INTO TicketingSysteem.[Identity].Contract (TypeContractTypeId, Status, StartDatum, EindDatum, CompanyId) VALUES (2, 1, N'2021-01-02 15:30:30.0000000', N'2021-02-01 15:30:30.0000000', N'08166e1b-8722-4d41-9487-90c7d3eda80a');
INSERT INTO TicketingSysteem.[Identity].Contract (TypeContractTypeId, Status, StartDatum, EindDatum, CompanyId) VALUES (3, 0, N'2021-01-06 15:30:30.0000000', N'2021-02-05 15:30:30.0000000', N'08166e1b-8722-4d41-9487-90c7d3eda80a');
INSERT INTO TicketingSysteem.[Identity].Contract (TypeContractTypeId, Status, StartDatum, EindDatum, CompanyId) VALUES (4, 2, N'2020-11-11 15:30:30.0000000', N'2020-12-11 15:30:30.0000000', N'08166e1b-8722-4d41-9487-90c7d3eda80a');
INSERT INTO TicketingSysteem.[Identity].Contract (TypeContractTypeId, Status, StartDatum, EindDatum, CompanyId) VALUES (5, 2, N'2020-10-22 15:30:30.0000000', N'2020-11-21 15:30:30.0000000', N'08166e1b-8722-4d41-9487-90c7d3eda80a');

INSERT INTO TicketingSysteem.[Identity].Clients (ClientId, ApplicationUserId, CompanyId) VALUES (N'6061f16a-f353-4b0c-9d2a-61a10a50e58f', N'37e0126f-0b79-4f15-adf7-b8a7692879e7', N'08166e1b-8722-4d41-9487-90c7d3eda80a');

INSERT INTO TicketingSysteem.[Identity].Employees (EmployeeId, ApplicationUserId) VALUES (N'437aaf43-5abe-405e-bbb7-c6fc06b39ceb', N'c8335159-7ace-40d2-b364-815423ae3ebb');
INSERT INTO TicketingSysteem.[Identity].Employees (EmployeeId, ApplicationUserId) VALUES (N'ef5ca9bc-44e9-44a9-aaca-945946d5ade0', N'db3e8545-f164-4baa-8050-2fe44dd755bf');
INSERT INTO TicketingSysteem.[Identity].Employees (EmployeeId, ApplicationUserId) VALUES (N'f71e801c-ab3c-4e7c-af00-8898d2e4a3ba', N'0b8cd0c4-5bee-4b00-b545-c16c59dcd7ea');

INSERT INTO TicketingSysteem.[Identity].Ticket (Titel, Omschrijving, Opmerkingen, IsGewijzigd, DatumAangemaakt, DatumAfgesloten, DatumGewijzigd, Status, AantalWijzigingen, CompanyId, EmployeeId, BijlageId, ContractId, ImageDescription) VALUES (N'ticket 43', N'dit is een omschrijving voor ticket 43', null, 0, N'2021-02-05 21:32:10.2348814', N'2021-02-15 21:32:10.2348836', N'0001-01-01 00:00:00.0000000', 2, 0, N'08166e1b-8722-4d41-9487-90c7d3eda80a', null, null, 4, null);
INSERT INTO TicketingSysteem.[Identity].Ticket (Titel, Omschrijving, Opmerkingen, IsGewijzigd, DatumAangemaakt, DatumAfgesloten, DatumGewijzigd, Status, AantalWijzigingen, CompanyId, EmployeeId, BijlageId, ContractId, ImageDescription) VALUES (N'ticket 56', N'dit is een omschrijving voor ticket 56', null, 0, N'2021-03-17 21:32:10.2349605', N'2021-03-19 21:32:10.2349628', N'0001-01-01 00:00:00.0000000', 2, 0, N'08166e1b-8722-4d41-9487-90c7d3eda80a', null, null, 1, null);
INSERT INTO TicketingSysteem.[Identity].Ticket (Titel, Omschrijving, Opmerkingen, IsGewijzigd, DatumAangemaakt, DatumAfgesloten, DatumGewijzigd, Status, AantalWijzigingen, CompanyId, EmployeeId, BijlageId, ContractId, ImageDescription) VALUES (N'ticket 55', N'dit is een omschrijving voor ticket 55', null, 0, N'2021-02-25 21:32:10.2349546', N'2021-03-04 21:32:10.2349568', N'0001-01-01 00:00:00.0000000', 2, 0, N'08166e1b-8722-4d41-9487-90c7d3eda80a', null, null, 1, null);
INSERT INTO TicketingSysteem.[Identity].Ticket (Titel, Omschrijving, Opmerkingen, IsGewijzigd, DatumAangemaakt, DatumAfgesloten, DatumGewijzigd, Status, AantalWijzigingen, CompanyId, EmployeeId, BijlageId, ContractId, ImageDescription) VALUES (N'ticket 54', N'dit is een omschrijving voor ticket 54', null, 0, N'2021-02-05 21:32:10.2349486', N'2021-02-13 21:32:10.2349509', N'0001-01-01 00:00:00.0000000', 2, 0, N'08166e1b-8722-4d41-9487-90c7d3eda80a', null, null, 1, null);
INSERT INTO TicketingSysteem.[Identity].Ticket (Titel, Omschrijving, Opmerkingen, IsGewijzigd, DatumAangemaakt, DatumAfgesloten, DatumGewijzigd, Status, AantalWijzigingen, CompanyId, EmployeeId, BijlageId, ContractId, ImageDescription) VALUES (N'ticket 53', N'dit is een omschrijving voor ticket 53', null, 0, N'2021-03-25 21:32:10.2349425', N'2021-03-28 21:32:10.2349448', N'0001-01-01 00:00:00.0000000', 2, 0, N'08166e1b-8722-4d41-9487-90c7d3eda80a', null, null, 1, null);
INSERT INTO TicketingSysteem.[Identity].Ticket (Titel, Omschrijving, Opmerkingen, IsGewijzigd, DatumAangemaakt, DatumAfgesloten, DatumGewijzigd, Status, AantalWijzigingen, CompanyId, EmployeeId, BijlageId, ContractId, ImageDescription) VALUES (N'ticket 52', N'dit is een omschrijving voor ticket 52', null, 0, N'2021-03-31 21:32:10.2349365', N'2021-04-05 21:32:10.2349388', N'0001-01-01 00:00:00.0000000', 2, 0, N'08166e1b-8722-4d41-9487-90c7d3eda80a', null, null, 1, null);
INSERT INTO TicketingSysteem.[Identity].Ticket (Titel, Omschrijving, Opmerkingen, IsGewijzigd, DatumAangemaakt, DatumAfgesloten, DatumGewijzigd, Status, AantalWijzigingen, CompanyId, EmployeeId, BijlageId, ContractId, ImageDescription) VALUES (N'ticket 51', N'dit is een omschrijving voor ticket 51', null, 0, N'2021-03-31 21:32:10.2349305', N'2021-04-04 21:32:10.2349327', N'0001-01-01 00:00:00.0000000', 2, 0, N'08166e1b-8722-4d41-9487-90c7d3eda80a', null, null, 1, null);
INSERT INTO TicketingSysteem.[Identity].Ticket (Titel, Omschrijving, Opmerkingen, IsGewijzigd, DatumAangemaakt, DatumAfgesloten, DatumGewijzigd, Status, AantalWijzigingen, CompanyId, EmployeeId, BijlageId, ContractId, ImageDescription) VALUES (N'ticket 50', N'dit is een omschrijving voor ticket 50', null, 0, N'2021-03-22 21:32:10.2349244', N'2021-03-30 21:32:10.2349266', N'0001-01-01 00:00:00.0000000', 2, 0, N'08166e1b-8722-4d41-9487-90c7d3eda80a', null, null, 2, null);
INSERT INTO TicketingSysteem.[Identity].Ticket (Titel, Omschrijving, Opmerkingen, IsGewijzigd, DatumAangemaakt, DatumAfgesloten, DatumGewijzigd, Status, AantalWijzigingen, CompanyId, EmployeeId, BijlageId, ContractId, ImageDescription) VALUES (N'ticket 49', N'dit is een omschrijving voor ticket 49', null, 0, N'2021-03-19 21:32:10.2349183', N'2021-03-22 21:32:10.2349205', N'0001-01-01 00:00:00.0000000', 2, 0, N'08166e1b-8722-4d41-9487-90c7d3eda80a', null, null, 3, null);
INSERT INTO TicketingSysteem.[Identity].Ticket (Titel, Omschrijving, Opmerkingen, IsGewijzigd, DatumAangemaakt, DatumAfgesloten, DatumGewijzigd, Status, AantalWijzigingen, CompanyId, EmployeeId, BijlageId, ContractId, ImageDescription) VALUES (N'ticket 48', N'dit is een omschrijving voor ticket 48', null, 0, N'2021-03-04 21:32:10.2349120', N'2021-03-07 21:32:10.2349144', N'0001-01-01 00:00:00.0000000', 2, 0, N'08166e1b-8722-4d41-9487-90c7d3eda80a', null, null, 3, null);
INSERT INTO TicketingSysteem.[Identity].Ticket (Titel, Omschrijving, Opmerkingen, IsGewijzigd, DatumAangemaakt, DatumAfgesloten, DatumGewijzigd, Status, AantalWijzigingen, CompanyId, EmployeeId, BijlageId, ContractId, ImageDescription) VALUES (N'ticket 47', N'dit is een omschrijving voor ticket 47', null, 0, N'2021-02-15 21:32:10.2349059', N'2021-03-24 21:32:10.2349082', N'0001-01-01 00:00:00.0000000', 2, 0, N'08166e1b-8722-4d41-9487-90c7d3eda80a', null, null, 3, null);
INSERT INTO TicketingSysteem.[Identity].Ticket (Titel, Omschrijving, Opmerkingen, IsGewijzigd, DatumAangemaakt, DatumAfgesloten, DatumGewijzigd, Status, AantalWijzigingen, CompanyId, EmployeeId, BijlageId, ContractId, ImageDescription) VALUES (N'ticket 46', N'dit is een omschrijving voor ticket 46', null, 0, N'2021-03-14 21:32:10.2348998', N'2021-03-16 21:32:10.2349021', N'0001-01-01 00:00:00.0000000', 2, 0, N'08166e1b-8722-4d41-9487-90c7d3eda80a', null, null, 3, null);
INSERT INTO TicketingSysteem.[Identity].Ticket (Titel, Omschrijving, Opmerkingen, IsGewijzigd, DatumAangemaakt, DatumAfgesloten, DatumGewijzigd, Status, AantalWijzigingen, CompanyId, EmployeeId, BijlageId, ContractId, ImageDescription) VALUES (N'ticket 45', N'dit is een omschrijving voor ticket 45', null, 0, N'2021-03-14 21:32:10.2348938', N'2021-03-17 21:32:10.2348961', N'0001-01-01 00:00:00.0000000', 2, 0, N'08166e1b-8722-4d41-9487-90c7d3eda80a', null, null, 4, null);
INSERT INTO TicketingSysteem.[Identity].Ticket (Titel, Omschrijving, Opmerkingen, IsGewijzigd, DatumAangemaakt, DatumAfgesloten, DatumGewijzigd, Status, AantalWijzigingen, CompanyId, EmployeeId, BijlageId, ContractId, ImageDescription) VALUES (N'ticket 44', N'dit is een omschrijving voor ticket 44', null, 0, N'2021-03-20 21:32:10.2348874', N'2021-03-31 21:32:10.2348896', N'0001-01-01 00:00:00.0000000', 2, 0, N'08166e1b-8722-4d41-9487-90c7d3eda80a', null, null, 4, null);
INSERT INTO TicketingSysteem.[Identity].Ticket (Titel, Omschrijving, Opmerkingen, IsGewijzigd, DatumAangemaakt, DatumAfgesloten, DatumGewijzigd, Status, AantalWijzigingen, CompanyId, EmployeeId, BijlageId, ContractId, ImageDescription) VALUES (N'ticket 1', N'dit is een omschrijving voor ticket 1', null, 0, N'2021-02-11 21:32:10.2346295', null, N'0001-01-01 00:00:00.0000000', 0, 0, N'08166e1b-8722-4d41-9487-90c7d3eda80a', N'437aaf43-5abe-405e-bbb7-c6fc06b39ceb', null, 2, null);
INSERT INTO TicketingSysteem.[Identity].Ticket (Titel, Omschrijving, Opmerkingen, IsGewijzigd, DatumAangemaakt, DatumAfgesloten, DatumGewijzigd, Status, AantalWijzigingen, CompanyId, EmployeeId, BijlageId, ContractId, ImageDescription) VALUES (N'ticket 2', N'dit is een omschrijving voor ticket 2', null, 0, N'2021-01-04 21:32:10.2346451', null, N'0001-01-01 00:00:00.0000000', 0, 0, N'08166e1b-8722-4d41-9487-90c7d3eda80a', N'437aaf43-5abe-405e-bbb7-c6fc06b39ceb', null, 3, null);
INSERT INTO TicketingSysteem.[Identity].Ticket (Titel, Omschrijving, Opmerkingen, IsGewijzigd, DatumAangemaakt, DatumAfgesloten, DatumGewijzigd, Status, AantalWijzigingen, CompanyId, EmployeeId, BijlageId, ContractId, ImageDescription) VALUES (N'ticket 3', N'dit is een omschrijving voor ticket 3', null, 0, N'2020-12-06 21:32:10.2346826', null, N'0001-01-01 00:00:00.0000000', 0, 0, N'08166e1b-8722-4d41-9487-90c7d3eda80a', N'437aaf43-5abe-405e-bbb7-c6fc06b39ceb', null, 2, null);
INSERT INTO TicketingSysteem.[Identity].Ticket (Titel, Omschrijving, Opmerkingen, IsGewijzigd, DatumAangemaakt, DatumAfgesloten, DatumGewijzigd, Status, AantalWijzigingen, CompanyId, EmployeeId, BijlageId, ContractId, ImageDescription) VALUES (N'ticket 4', N'dit is een omschrijving voor ticket 4', null, 0, N'2020-11-06 21:32:10.2346881', N'2021-03-15 21:32:10.2346906', N'0001-01-01 00:00:00.0000000', 2, 0, N'08166e1b-8722-4d41-9487-90c7d3eda80a', null, null, 3, null);
INSERT INTO TicketingSysteem.[Identity].Ticket (Titel, Omschrijving, Opmerkingen, IsGewijzigd, DatumAangemaakt, DatumAfgesloten, DatumGewijzigd, Status, AantalWijzigingen, CompanyId, EmployeeId, BijlageId, ContractId, ImageDescription) VALUES (N'ticket 5', N'dit is een omschrijving voor ticket 5', null, 0, N'2021-01-03 21:32:10.2348158', N'2021-01-26 21:32:10.2348182', N'0001-01-01 00:00:00.0000000', 2, 0, N'08166e1b-8722-4d41-9487-90c7d3eda80a', null, null, 1, null);
INSERT INTO TicketingSysteem.[Identity].Ticket (Titel, Omschrijving, Opmerkingen, IsGewijzigd, DatumAangemaakt, DatumAfgesloten, DatumGewijzigd, Status, AantalWijzigingen, CompanyId, EmployeeId, BijlageId, ContractId, ImageDescription) VALUES (N'ticket 6', N'dit is een omschrijving voor ticket 6', null, 0, N'2021-03-15 21:32:10.2348237', null, N'0001-01-01 00:00:00.0000000', 3, 0, N'08166e1b-8722-4d41-9487-90c7d3eda80a', null, null, 1, null);
INSERT INTO TicketingSysteem.[Identity].Ticket (Titel, Omschrijving, Opmerkingen, IsGewijzigd, DatumAangemaakt, DatumAfgesloten, DatumGewijzigd, Status, AantalWijzigingen, CompanyId, EmployeeId, BijlageId, ContractId, ImageDescription) VALUES (N'ticket 7', N'dit is een omschrijving voor ticket 7', null, 0, N'2021-04-04 21:32:10.2348314', null, N'0001-01-01 00:00:00.0000000', 3, 0, N'08166e1b-8722-4d41-9487-90c7d3eda80a', null, null, 1, null);
INSERT INTO TicketingSysteem.[Identity].Ticket (Titel, Omschrijving, Opmerkingen, IsGewijzigd, DatumAangemaakt, DatumAfgesloten, DatumGewijzigd, Status, AantalWijzigingen, CompanyId, EmployeeId, BijlageId, ContractId, ImageDescription) VALUES (N'ticket 8', N'dit is een omschrijving voor ticket 8', null, 0, N'2021-03-27 21:32:10.2348388', null, N'0001-01-01 00:00:00.0000000', 1, 0, N'08166e1b-8722-4d41-9487-90c7d3eda80a', N'437aaf43-5abe-405e-bbb7-c6fc06b39ceb', null, 1, null);
INSERT INTO TicketingSysteem.[Identity].Ticket (Titel, Omschrijving, Opmerkingen, IsGewijzigd, DatumAangemaakt, DatumAfgesloten, DatumGewijzigd, Status, AantalWijzigingen, CompanyId, EmployeeId, BijlageId, ContractId, ImageDescription) VALUES (N'ticket 41', N'dit is een omschrijving voor ticket 41', null, 0, N'2021-02-15 21:32:10.2348471', N'2021-03-17 21:32:10.2348508', N'0001-01-01 00:00:00.0000000', 1, 0, N'08166e1b-8722-4d41-9487-90c7d3eda80a', N'437aaf43-5abe-405e-bbb7-c6fc06b39ceb', null, 1, null);
INSERT INTO TicketingSysteem.[Identity].Ticket (Titel, Omschrijving, Opmerkingen, IsGewijzigd, DatumAangemaakt, DatumAfgesloten, DatumGewijzigd, Status, AantalWijzigingen, CompanyId, EmployeeId, BijlageId, ContractId, ImageDescription) VALUES (N'ticket 42', N'dit is een omschrijving voor ticket 42', null, 0, N'2021-03-07 21:32:10.2348712', N'2021-03-27 21:32:10.2348757', N'0001-01-01 00:00:00.0000000', 2, 0, N'08166e1b-8722-4d41-9487-90c7d3eda80a', null, null, 2, null);
INSERT INTO TicketingSysteem.[Identity].Ticket (Titel, Omschrijving, Opmerkingen, IsGewijzigd, DatumAangemaakt, DatumAfgesloten, DatumGewijzigd, Status, AantalWijzigingen, CompanyId, EmployeeId, BijlageId, ContractId, ImageDescription) VALUES (N'ticket 57', N'dit is een omschrijving voor ticket 57', null, 0, N'2021-02-25 21:32:10.2349666', N'2021-03-04 21:32:10.2349688', N'0001-01-01 00:00:00.0000000', 2, 0, N'08166e1b-8722-4d41-9487-90c7d3eda80a', null, null, 1, null);
INSERT INTO TicketingSysteem.[Identity].Ticket (Titel, Omschrijving, Opmerkingen, IsGewijzigd, DatumAangemaakt, DatumAfgesloten, DatumGewijzigd, Status, AantalWijzigingen, CompanyId, EmployeeId, BijlageId, ContractId, ImageDescription) VALUES (N'ticket 58', N'dit is een omschrijving voor ticket 58', null, 0, N'2020-10-18 21:32:10.2349726', N'2020-10-25 21:32:10.2349748', N'0001-01-01 00:00:00.0000000', 2, 0, N'08166e1b-8722-4d41-9487-90c7d3eda80a', null, null, 1, null);
