-- Extra supportmanager
INSERT INTO TicketingSysteem.[Identity].[User] (Id, UserName, NormalizedUserName, Email, NormalizedEmail, EmailConfirmed, PasswordHash, PasswordHashForJava, SecurityStamp, ConcurrencyStamp, PhoneNumber, PhoneNumberConfirmed, TwoFactorEnabled, LockoutEnd, LockoutEnabled, AccessFailedCount, FirstName, LastName, LastSession, StatusGebruiker)
VALUES (N'0b8cd0c4-5bee-4b00-b678-c16c59dcd7ea', N'supportmanager2@gmail.com', N'SUPPORTMANAGER2@GMAIL.COM', N'supportmanager2@gmail.com', N'SUPPORTMANAGER2@GMAIL.COM', 1, N'AQAAAAEAACcQAAAAEC5Jjf9Mhox7jTmQtSby7QaLSuk9l5AwYVQny0W5kPsD33fOpB3Our8BEsutzbyEaQ==', N'pbkdf2sha256:64000:18:24:n:vo5Zn5oeYYjVzxfyT7252OvBn7rjPTg0:YK68A8OPErTmcx0ixwhCS8+Q', N'QKWV3FJKBYCBSQ677NBWWIODJ5XIOKFQ', N'303bd2d8-3278-494d-9b1f-0a9c456552a4', null, 1, 0, null, 1, 0, N'Support2', N'Manager2', N'0001-01-01 00:00:00.0000000', N'ACTIEF');
INSERT INTO TicketingSysteem.[Identity].UserRoles (UserId, RoleId) VALUES (N'0b8cd0c4-5bee-4b00-b678-c16c59dcd7ea', N'f940a637-753f-403b-99d7-3960101160d7');
INSERT INTO TicketingSysteem.[Identity].Employees (EmployeeId, ApplicationUserId) VALUES (N'f71e801c-ab3c-4e7c-af01-8898d2e4a3ba', N'0b8cd0c4-5bee-4b00-b678-c16c59dcd7ea');

-- Extra administrator
INSERT INTO TicketingSysteem.[Identity].[User] (Id, UserName, NormalizedUserName, Email, NormalizedEmail, EmailConfirmed, PasswordHash, PasswordHashForJava, SecurityStamp, ConcurrencyStamp, PhoneNumber, PhoneNumberConfirmed, TwoFactorEnabled, LockoutEnd, LockoutEnabled, AccessFailedCount, FirstName, LastName, LastSession, StatusGebruiker)
VALUES (N'db3e8545-f164-4baa-8051-2fe44dd755bf', N'administrator2@gmail.com', N'ADMINISTRATOR2@GMAIL.COM', N'administrator2@gmail.com', N'ADMINISTRATOR2@GMAIL.COM', 1, N'AQAAAAEAACcQAAAAEInNGbQjnjj/9Gt1LQuNfNgS2fRjyjzxQqM8NneRcBUhNX2nYvv+FE1UKECUs7ZR2Q==', N'pbkdf2sha256:64000:18:24:n:1UJln6OXh8pyVl2hocMPZKI0Z0/YVQ7O:t45gZOISeYNcymYfDhftHzcB' ,N'SUIN5QXAIL2ZLDLAG57IXXS57E6FIF4U', N'5530db71-38c4-48dd-8685-7addd3d6062a', null, 1, 0, null, 1, 0, N'Admin2', N'Istrator2', N'0001-01-01 00:00:00.0000000', N'ACTIEF');
INSERT INTO TicketingSysteem.[Identity].UserRoles (UserId, RoleId) VALUES (N'db3e8545-f164-4baa-8051-2fe44dd755bf', N'a4c777a5-5d71-4159-a410-ab538044e9c7');
INSERT INTO TicketingSysteem.[Identity].Employees (EmployeeId, ApplicationUserId) VALUES (N'f71e801c-ab3c-4e7c-af02-8898d2e4a3ba', N'db3e8545-f164-4baa-8051-2fe44dd755bf');

-- Extra technicians
INSERT INTO TicketingSysteem.[Identity].[User] (Id, UserName, NormalizedUserName, Email, NormalizedEmail, EmailConfirmed, PasswordHash, PasswordHashForJava, SecurityStamp, ConcurrencyStamp, PhoneNumber, PhoneNumberConfirmed, TwoFactorEnabled, LockoutEnd, LockoutEnabled, AccessFailedCount, FirstName, LastName, LastSession, StatusGebruiker)
 VALUES (N'c8335159-7ace-40d3-b364-815423ae3ebb', N'technician2@gmail.com', N'TECHNICIAN2@GMAIL.COM', N'technician2@gmail.com', N'TECHNICIAN2@GMAIL.COM', 1, N'AQAAAAEAACcQAAAAEPIEHW2GfyNvq7sLkhEoI52htaIRkT5ciPEDl/8m4Xeb0Mt+QkDQhqxBl1M1Dl70Zg==', N'pbkdf2sha256:64000:18:24:n:ocg5JKVYVhlpk/1IbHN4FO+3V/IfiHuq:HPAasLiaHcj6CbV1yaBgcvml' , N'J46MVLWU2RMJIUH7ZXLXU2SCF3XAROAM',  N'07b21c2a-e511-43ac-af39-162a01fa9eed', null, 1, 0, null, 1, 0, N'Tech2', N'Nician2', N'0001-01-01 00:00:00.0000000', N'ACTIEF');
INSERT INTO TicketingSysteem.[Identity].UserRoles (UserId, RoleId) VALUES (N'c8335159-7ace-40d3-b364-815423ae3ebb', N'535c368c-57b9-4f62-91c6-eecae12366dc');
INSERT INTO TicketingSysteem.[Identity].Employees (EmployeeId, ApplicationUserId) VALUES (N'f71e801c-ab3c-4e7c-af03-8898d2e4a3ba', N'c8335159-7ace-40d3-b364-815423ae3ebb');

INSERT INTO TicketingSysteem.[Identity].[User] (Id, UserName, NormalizedUserName, Email, NormalizedEmail, EmailConfirmed, PasswordHash, PasswordHashForJava, SecurityStamp, ConcurrencyStamp, PhoneNumber, PhoneNumberConfirmed, TwoFactorEnabled, LockoutEnd, LockoutEnabled, AccessFailedCount, FirstName, LastName, LastSession, StatusGebruiker)
VALUES (N'c8335159-7ace-40d4-b364-815423ae3ebb', N'technician3@gmail.com', N'TECHNICIAN3@GMAIL.COM', N'technician3@gmail.com', N'TECHNICIAN3@GMAIL.COM', 1, N'AQAAAAEAACcQAAAAEPIEHW2GfyNvq7sLkhEoI52htaIRkT5ciPEDl/8m4Xeb0Mt+QkDQhqxBl1M1Dl70Zg==', N'pbkdf2sha256:64000:18:24:n:ocg5JKVYVhlpk/1IbHN4FO+3V/IfiHuq:HPAasLiaHcj6CbV1yaBgcvml' , N'J46MVLWU2RMJIUH7ZXLXU2SCF3XAROAM',  N'07b21c2a-e511-43ac-af39-162a01fa9eed', null, 1, 0, null, 1, 0, N'Tech3', N'Nician3', N'0001-01-01 00:00:00.0000000', N'ACTIEF');
INSERT INTO TicketingSysteem.[Identity].UserRoles (UserId, RoleId) VALUES (N'c8335159-7ace-40d4-b364-815423ae3ebb', N'535c368c-57b9-4f62-91c6-eecae12366dc');
INSERT INTO TicketingSysteem.[Identity].Employees (EmployeeId, ApplicationUserId) VALUES (N'f71e801c-ab3c-4e7c-af04-8898d2e4a3ba', N'c8335159-7ace-40d4-b364-815423ae3ebb');

INSERT INTO TicketingSysteem.[Identity].[User] (Id, UserName, NormalizedUserName, Email, NormalizedEmail, EmailConfirmed, PasswordHash, PasswordHashForJava, SecurityStamp, ConcurrencyStamp, PhoneNumber, PhoneNumberConfirmed, TwoFactorEnabled, LockoutEnd, LockoutEnabled, AccessFailedCount, FirstName, LastName, LastSession, StatusGebruiker)
VALUES (N'c8335159-7ace-40d5-b364-815423ae3ebb', N'technician4@gmail.com', N'TECHNICIAN4@GMAIL.COM', N'technician4@gmail.com', N'TECHNICIAN4@GMAIL.COM', 1, N'AQAAAAEAACcQAAAAEPIEHW2GfyNvq7sLkhEoI52htaIRkT5ciPEDl/8m4Xeb0Mt+QkDQhqxBl1M1Dl70Zg==', N'pbkdf2sha256:64000:18:24:n:ocg5JKVYVhlpk/1IbHN4FO+3V/IfiHuq:HPAasLiaHcj6CbV1yaBgcvml' , N'J46MVLWU2RMJIUH7ZXLXU2SCF3XAROAM',  N'07b21c2a-e511-43ac-af39-162a01fa9eed', null, 1, 0, null, 1, 0, N'Tech4', N'Nician4', N'0001-01-01 00:00:00.0000000', N'ACTIEF');
INSERT INTO TicketingSysteem.[Identity].UserRoles (UserId, RoleId) VALUES (N'c8335159-7ace-40d5-b364-815423ae3ebb', N'535c368c-57b9-4f62-91c6-eecae12366dc');
INSERT INTO TicketingSysteem.[Identity].Employees (EmployeeId, ApplicationUserId) VALUES (N'f71e801c-ab3c-4e7c-af05-8898d2e4a3ba', N'c8335159-7ace-40d5-b364-815423ae3ebb');

-- Extra clients
INSERT INTO TicketingSysteem.[Identity].[User] (Id, UserName, NormalizedUserName, Email, NormalizedEmail, EmailConfirmed, PasswordHash, PasswordHashForJava, SecurityStamp, ConcurrencyStamp, PhoneNumber, PhoneNumberConfirmed, TwoFactorEnabled, LockoutEnd, LockoutEnabled, AccessFailedCount, FirstName, LastName, LastSession, StatusGebruiker)
 VALUES (N'37e0126f-0b79-4f15-adf8-b8a7692879e7', N'client2@gmail.com', N'CLIENT2@GMAIL.COM', N'client2@gmail.com', N'CLIENT2@GMAIL.COM', 1, N'AQAAAAEAACcQAAAAENLQcxQU14Ieh7Px8SAExHnlNWXucg5LP5pre38fyyjv/wh/cON/s6nI+8PgpTNRRQ==', N'pbkdf2sha256:64000:18:24:n:zd3QoH+pMenpqco380Tdy0fb75e2A5dn:6KkSFnEnXTWfaW2BAjhhYV1n', N'34DTUCSWLZBFVFMUF3RIXUIXDRBPI4FH', N'173c4421-9d18-4d01-afce-f8e3d5646edb', null, 1, 0, null, 1, 0, N'Cli2', N'Ent2', N'0001-01-01 00:00:00.0000000', N'ACTIEF');
INSERT INTO TicketingSysteem.[Identity].UserRoles (UserId, RoleId) VALUES (N'37e0126f-0b79-4f15-adf8-b8a7692879e7', N'815ddeb6-0e27-4952-856f-29de97ceef4b');
INSERT INTO TicketingSysteem.[Identity].Clients (ClientId, ApplicationUserId, CompanyId) VALUES (N'6061f17a-f353-4b1c-9d2a-61a10a50e58f', N'37e0126f-0b79-4f15-adf8-b8a7692879e7', N'08166e1b-8722-4d41-9487-90c7d3eda80a');

INSERT INTO TicketingSysteem.[Identity].[User] (Id, UserName, NormalizedUserName, Email, NormalizedEmail, EmailConfirmed, PasswordHash, PasswordHashForJava, SecurityStamp, ConcurrencyStamp, PhoneNumber, PhoneNumberConfirmed, TwoFactorEnabled, LockoutEnd, LockoutEnabled, AccessFailedCount, FirstName, LastName, LastSession, StatusGebruiker)
VALUES (N'37e0126f-0b79-4f16-adf8-b8a7692879e7', N'client3@gmail.com', N'CLIENT3@GMAIL.COM', N'client3@gmail.com', N'CLIENT3@GMAIL.COM', 1, N'AQAAAAEAACcQAAAAENLQcxQU14Ieh7Px8SAExHnlNWXucg5LP5pre38fyyjv/wh/cON/s6nI+8PgpTNRRQ==', N'pbkdf2sha256:64000:18:24:n:zd3QoH+pMenpqco380Tdy0fb75e2A5dn:6KkSFnEnXTWfaW2BAjhhYV1n', N'34DTUCSWLZBFVFMUF3RIXUIXDRBPI4FH', N'173c4421-9d18-4d01-afce-f8e3d5646edb', null, 1, 0, null, 1, 0, N'Cli3', N'Ent3', N'0001-01-01 00:00:00.0000000', N'GEBLOKKEERD');
INSERT INTO TicketingSysteem.[Identity].UserRoles (UserId, RoleId) VALUES (N'37e0126f-0b79-4f16-adf8-b8a7692879e7', N'815ddeb6-0e27-4952-856f-29de97ceef4b');
INSERT INTO TicketingSysteem.[Identity].Clients (ClientId, ApplicationUserId, CompanyId) VALUES (N'6061f18a-f353-4b1c-9d2a-61a10a50e58f', N'37e0126f-0b79-4f16-adf8-b8a7692879e7', N'08166e1b-6577-4d41-8974-90c7d3eda80a');

INSERT INTO TicketingSysteem.[Identity].[User] (Id, UserName, NormalizedUserName, Email, NormalizedEmail, EmailConfirmed, PasswordHash, PasswordHashForJava, SecurityStamp, ConcurrencyStamp, PhoneNumber, PhoneNumberConfirmed, TwoFactorEnabled, LockoutEnd, LockoutEnabled, AccessFailedCount, FirstName, LastName, LastSession, StatusGebruiker)
VALUES (N'37e0126f-0b79-4f17-adf8-b8a7692879e7', N'client4@gmail.com', N'CLIENT4@GMAIL.COM', N'client4@gmail.com', N'CLIENT4@GMAIL.COM', 1, N'AQAAAAEAACcQAAAAENLQcxQU14Ieh7Px8SAExHnlNWXucg5LP5pre38fyyjv/wh/cON/s6nI+8PgpTNRRQ==', N'pbkdf2sha256:64000:18:24:n:zd3QoH+pMenpqco380Tdy0fb75e2A5dn:6KkSFnEnXTWfaW2BAjhhYV1n', N'34DTUCSWLZBFVFMUF3RIXUIXDRBPI4FH', N'173c4421-9d18-4d01-afce-f8e3d5646edb', null, 1, 0, null, 1, 0, N'Cli4', N'Ent4', N'0001-01-01 00:00:00.0000000', N'GEBLOKKEERD');
INSERT INTO TicketingSysteem.[Identity].UserRoles (UserId, RoleId) VALUES (N'37e0126f-0b79-4f17-adf8-b8a7692879e7', N'815ddeb6-0e27-4952-856f-29de97ceef4b');
INSERT INTO TicketingSysteem.[Identity].Clients (ClientId, ApplicationUserId, CompanyId) VALUES (N'6061f19a-f353-4b1c-9d2a-61a10a50e58f', N'37e0126f-0b79-4f17-adf8-b8a7692879e7', N'08166e1b-3644-4d41-8974-90c7d3eda80a');
